{
    "run_id": "059bfc51e9c240468cbfc3a263f34db6",
    "version_name": "v1_20250320_100319_euclidean_selcukakarin_1",
    "timestamp": "2025-03-21T12:17:56.941935",
    "model_type": "collaborative_filtering",
    "metrics": {
        "average_rating": 3.996776428153404,
        "mae": 0.41716538418824345,
        "n_predictions": 20793.0,
        "prediction_ratio": 0.9933594496464743,
        "rating_count": 83727.0,
        "rmse": 0.5207252503855376,
        "sparsity": 0.00846753640776699,
        "unique_items": 1000.0,
        "unique_users": 9888.0
    }
}